ip,blocked
0.0.0.0/8,1
1.10.16.0/20,1
1.19.0.0/16,1
1.32.128.0/18,1
2.58.176.0/22,1
2.59.200.0/22,1
3.90.198.217,1
5.44.248.0/21,1
5.57.208.0/21,1
5.63.155.65,1
5.79.79.211,1
5.134.128.0/19,1
5.157.84.170,1
5.172.176.0/21,1
5.180.4.0/22,1
5.180.102.147,1
5.183.60.0/22,1
5.188.10.0/23,1
5.188.86.0/24,1
10.0.0.0/8,1
13.90.196.81,1
14.128.136.68,1
14.192.4.35,1
18.213.250.117,1
18.215.128.143,1
18.218.40.17,1
18.224.184.93,1
23.89.20.107,1
23.89.102.123,1
23.89.102.127,1
23.107.49.18,1
23.107.124.53,1
23.110.15.74,1
23.135.225.0/24,1
23.227.38.65,1
23.229.213.5,1
23.231.218.195,1
23.236.62.147,1
24.233.0.0/19,1
27.112.32.0/19,1
27.124.64.0/20,1
27.126.160.0/20,1
27.146.0.0/16,1
31.11.32.144,1
31.14.65.0/24,1
31.14.66.0/23,1
31.40.164.0/22,1
31.132.36.0/22,1
31.184.237.0/24,1
31.186.169.41,1
31.217.192.121,1
31.217.248.0/21,1
31.222.224.0/19,1
34.197.76.50,1
34.206.12.234,1
34.225.182.233,1
35.169.58.188,1
35.186.238.101,1
35.187.36.248,1
35.209.70.88,1
35.214.186.61,1
35.224.11.86,1
35.226.69.129,1
36.0.8.0/21,1
36.37.48.0/20,1
36.50.0.0/16,1
36.116.0.0/16,1
36.119.0.0/16,1
37.9.42.0/24,1
37.16.72.0/21,1
37.77.144.0/21,1
37.140.216.0/21,1
37.140.240.0/20,1
37.152.88.55,1
37.156.64.0/23,1
37.156.173.0/24,1
37.252.220.0/22,1
38.39.160.0/20,1
40.255.0.62,1
41.77.240.0/21,1
41.93.128.0/17,1
42.0.32.0/19,1
42.1.128.0/17,1
42.96.0.0/18,1
42.128.0.0/12,1
42.160.0.0/12,1
42.194.128.0/17,1
42.208.0.0/12,1
43.57.0.0/16,1
43.181.0.0/16,1
43.227.184.0/22,1
43.228.164.0/22,1
43.228.172.0/22,1
43.229.52.0/22,1
43.230.112.86,1
43.230.142.125,1
43.231.130.0/24,1
43.236.0.0/16,1
43.241.196.105,1
43.241.244.0/22,1
43.248.56.0/22,1
43.250.116.0/22,1
43.250.180.0/22,1
43.252.80.0/22,1
45.4.128.0/22,1
45.4.136.0/22,1
45.6.48.0/22,1
45.9.148.0/22,1
45.9.156.0/22,1
45.11.184.0/21,1
45.33.2.79,1
45.33.23.183,1
45.38.3.236,1
45.41.0.0/18,1
45.41.192.0/18,1
45.43.128.0/18,1
45.56.79.23,1
45.59.128.0/18,1
45.65.32.0/22,1
45.65.56.0/23,1
45.65.112.0/22,1
45.65.120.0/22,1
45.65.188.0/22,1
45.77.226.209,1
45.79.19.196,1
45.80.216.0/22,1
45.80.248.0/22,1
45.82.253.244,1
45.86.20.0/22,1
45.88.202.115,1
45.95.40.0/22,1
45.95.168.0/24,1
45.114.106.55,1
45.114.240.0/22,1
45.115.16.0/22,1
45.117.52.0/22,1
45.117.132.0/22,1
45.117.208.0/22,1
45.117.232.0/22,1
45.121.204.0/22,1
45.123.140.0/22,1
45.126.40.0/22,1
45.129.33.0/24,1
45.130.100.0/22,1
45.135.193.0/24,1
45.136.245.235,1
45.147.148.0/22,1
45.150.108.0/22,1
45.153.203.0/24,1
45.159.56.0/22,1
45.190.220.0/24,1
45.202.208.234,1
45.204.37.242,1
45.204.41.153,1
45.220.64.0/18,1
45.227.61.0/24,1
45.227.255.0/24,1
45.249.224.0/22,1
46.18.104.0/21,1
46.28.105.107,1
46.30.215.126,1
46.30.215.145,1
46.30.215.194,1
46.102.177.0/24,1
46.102.178.0/23,1
46.102.180.0/24,1
46.102.182.0/23,1
46.102.190.0/24,1
46.148.112.0/24,1
46.148.120.0/24,1
46.148.127.0/24,1
46.165.220.141,1
46.165.220.142/31,1
46.165.220.144/29,1
46.165.220.152/30,1
46.165.221.136,1
46.165.221.144,1
46.165.221.154,1
46.165.229.164/30,1
46.165.254.193,1
46.165.254.194/31,1
46.165.254.196/30,1
46.165.254.200/29,1
46.165.254.208/30,1
46.165.254.212/31,1
46.165.254.214,1
46.174.204.0/22,1
46.226.120.0/21,1
46.232.192.0/21,1
46.242.242.252,1
46.249.43.105,1
46.254.104.0/21,1
49.156.160.0/19,1
49.213.32.0/19,1
49.238.64.0/18,1
50.63.103.1,1
50.87.145.146,1
50.87.146.132,1
50.93.202.39,1
50.118.129.167,1
52.0.217.44,1
52.4.209.250,1
52.58.78.16,1
52.63.118.238,1
52.218.36.4,1
52.218.98.4,1
52.218.100.36,1
54.72.11.253,1
54.88.108.200,1
54.208.77.124,1
58.2.0.0/17,1
58.14.0.0/15,1
58.145.176.0/21,1
59.153.60.0/22,1
59.188.232.88,1
59.191.232.0/21,1
59.254.0.0/15,1
60.233.0.0/16,1
61.11.224.0/19,1
61.45.251.0/24,1
62.97.115.37,1
62.112.16.0/21,1
62.122.184.0/21,1
62.129.200.14,1
62.149.128.72,1
62.149.128.74,1
62.149.128.151,1
62.149.128.154,1
62.149.128.157,1
62.149.128.160,1
62.149.128.163,1
62.149.128.166,1
62.149.142.219,1
62.153.122.95,1
62.204.32.0/19,1
62.233.32.0/19,1
63.141.34.0/23,1
63.141.36.0/23,1
63.251.106.29,1
64.21.149.167,1
64.68.200.46,1
64.95.103.189,1
64.135.149.51,1
64.207.140.209,1
64.235.41.10,1
65.127.154.211,1
66.29.58.119,1
66.96.149.31,1
66.175.208.22,1
67.20.112.155,1
67.23.117.19,1
67.59.157.51,1
67.213.112.0/20,1
67.229.184.183,1
68.66.216.25,1
68.71.58.245,1
69.15.64.241,1
69.41.162.77,1
69.87.176.0/20,1
69.103.233.16,1
69.191.176.179,1
69.195.124.132,1
72.5.161.7,1
72.26.218.70,1
72.26.218.83,1
74.114.148.0/22,1
74.208.215.45,1
74.208.236.219,1
74.220.199.8,1
75.5.255.185,1
77.36.62.0/24,1
77.72.80.0/21,1
77.81.84.0/23,1
77.81.86.0/24,1
77.81.89.0/24,1
77.81.90.0/23,1
77.87.120.0/21,1
77.111.240.32,1
77.111.240.52,1
77.246.240.0/21,1
78.24.9.52,1
78.46.156.194,1
78.47.106.15,1
79.110.22.0/24,1
79.110.224.0/20,1
79.170.40.236,1
80.67.28.246,1
80.71.144.0/20,1
80.85.86.6,1
80.237.132.180,1
80.237.132.244,1
81.2.194.62,1
81.2.194.128,1
81.2.194.176,1
81.169.145.68,1
81.169.145.83,1
81.169.145.84,1
81.169.145.88,1
81.169.145.93,1
81.169.145.94,1
81.169.145.105,1
81.169.145.144,1
81.169.145.159,1
81.169.145.160/31,1
81.177.165.51,1
82.98.135.43,1
82.100.220.53,1
82.112.184.197,1
82.220.91.188,1
83.97.20.0/24,1
83.175.0.0/18,1
84.38.224.155,1
84.238.160.0/22,1
84.246.80.0/21,1
84.246.104.0/21,1
85.13.129.76,1
85.13.132.239,1
85.13.158.14,1
85.114.135.128,1
85.121.39.0/24,1
85.128.185.12,1
85.153.47.0/24,1
85.209.4.0/22,1
85.236.47.218,1
86.55.40.0/22,1
86.104.0.0/23,1
86.104.2.0/24,1
86.104.212.0/23,1
86.104.222.0/23,1
86.104.224.0/23,1
86.105.2.0/24,1
86.105.6.0/24,1
86.105.176.0/24,1
86.105.178.0/24,1
86.105.184.0/23,1
86.105.186.0/24,1
86.105.229.0/24,1
86.105.230.0/24,1
86.105.242.0/23,1
86.106.10.0/24,1
86.106.13.0/24,1
86.106.14.0/23,1
86.106.94.0/23,1
86.106.105.0/24,1
86.106.106.0/23,1
86.106.109.0/24,1
86.106.110.0/23,1
86.106.114.0/23,1
86.106.116.0/23,1
86.106.118.0/24,1
86.106.138.0/23,1
86.106.140.0/23,1
86.106.174.0/23,1
86.107.72.0/24,1
86.107.193.0/24,1
86.107.194.0/23,1
87.98.230.60,1
87.236.144.0/21,1
87.236.160.0/21,1
87.251.74.0/24,1
88.198.56.106,1
88.214.26.0/24,1
88.218.40.0/22,1
88.218.148.0/22,1
89.31.143.1,1
89.32.43.0/24,1
89.32.170.0/24,1
89.32.202.0/24,1
89.33.46.0/23,1
89.33.116.0/24,1
89.33.134.0/24,1
89.33.198.0/23,1
89.33.200.0/23,1
89.33.206.0/24,1
89.33.250.0/23,1
89.33.254.0/23,1
89.34.0.0/24,1
89.34.4.0/24,1
89.34.102.0/24,1
89.34.104.0/23,1
89.35.54.0/24,1
89.35.89.0/24,1
89.35.90.0/24,1
89.36.38.0/23,1
89.36.136.0/24,1
89.36.138.0/23,1
89.36.141.0/24,1
89.37.92.0/23,1
89.37.94.0/24,1
89.37.96.0/24,1
89.37.129.0/24,1
89.37.130.0/23,1
89.37.132.0/23,1
89.37.134.0/24,1
89.38.240.0/24,1
89.39.69.0/24,1
89.39.212.0/24,1
89.39.215.0/24,1
89.39.241.0/24,1
89.40.138.0/24,1
89.40.140.0/23,1
89.40.207.0/24,1
89.40.209.0/24,1
89.41.27.0/24,1
89.41.28.0/23,1
89.41.49.0/24,1
89.41.50.0/23,1
89.41.189.0/24,1
89.41.190.0/23,1
89.42.10.0/24,1
89.42.152.0/23,1
89.42.154.0/24,1
89.45.82.0/24,1
89.46.47.0/24,1
89.46.108.57,1
89.107.8.0/21,1
89.188.24.70,1
89.223.109.60,1
91.121.59.137,1
91.121.154.229,1
91.132.164.0/22,1
91.174.205.10,1
91.193.75.0/24,1
91.195.240.13,1
91.195.240.82,1
91.195.240.87,1
91.197.196.0/22,1
91.199.77.50,1
91.200.12.0/22,1
91.200.81.0/24,1
91.200.82.0/23,1
91.200.133.0/24,1
91.200.164.0/24,1
91.200.248.0/22,1
91.212.28.29,1
91.216.3.0/24,1
91.218.236.0/22,1
91.220.163.0/24,1
91.223.145.130,1
91.232.18.0/24,1
91.234.99.0/24,1
91.235.130.0/23,1
91.243.90.0/23,1
91.243.93.0/24,1
91.246.176.0/21,1
91.246.200.0/24,1
92.43.203.171,1
92.53.96.22,1
92.61.39.239,1
92.63.197.0/24,1
93.89.19.124,1
93.93.200.0/21,1
93.114.51.0/24,1
93.114.52.0/23,1
93.114.54.0/24,1
93.114.58.0/23,1
93.115.59.0/24,1
93.119.118.0/23,1
93.119.120.0/23,1
93.119.124.0/23,1
93.120.34.0/24,1
93.120.46.0/24,1
93.157.104.0/21,1
93.185.103.42,1
94.102.49.0/24,1
94.102.51.0/24,1
94.124.72.0/21,1
94.130.109.30,1
94.152.8.56,1
94.154.32.0/22,1
94.154.112.0/20,1
94.229.72.116,1
94.229.72.123,1
94.247.136.0/21,1
95.130.224.0/21,1
96.30.52.60,1
96.126.123.244,1
100.64.0.0/10,1
101.42.0.0/16,1
101.101.96.0/22,1
101.134.0.0/15,1
101.192.0.0/14,1
101.203.128.0/19,1
101.248.0.0/15,1
102.192.0.0/12,1
102.208.0.0/13,1
102.216.0.0/14,1
102.220.0.0/16,1
102.221.0.0/17,1
102.221.132.0/22,1
102.221.136.0/21,1
102.221.144.0/21,1
102.221.152.0/22,1
102.221.164.0/22,1
102.221.180.0/22,1
102.221.248.0/22,1
102.222.4.0/22,1
102.222.12.0/22,1
102.222.60.0/24,1
102.222.172.0/24,1
102.222.174.0/24,1
102.223.180.0/22,1
102.223.184.0/21,1
102.228.0.0/16,1
102.232.0.0/16,1
102.240.0.0/16,1
103.1.156.0/22,1
103.4.76.0/22,1
103.4.80.0/22,1
103.4.135.0/24,1
103.4.217.55,1
103.5.149.0/24,1
103.5.216.0/22,1
103.6.119.0/24,1
103.6.120.0/21,1
103.6.160.0/23,1
103.6.166.0/24,1
103.6.232.0/22,1
103.7.120.0/22,1
103.7.192.0/22,1
103.8.64.0/22,1
103.8.184.0/22,1
103.8.192.0/22,1
103.9.140.0/22,1
103.10.68.0/22,1
103.10.108.0/24,1
103.10.111.0/24,1
103.10.127.0/24,1
103.10.192.0/22,1
103.11.196.0/22,1
103.12.0.0/24,1
103.12.85.0/24,1
103.12.180.0/22,1
103.12.204.0/22,1
103.12.224.0/22,1
103.12.244.0/24,1
103.13.4.0/22,1
103.13.72.0/23,1
103.13.136.0/22,1
103.13.164.0/22,1
103.13.182.0/24,1
103.13.192.0/22,1
103.13.204.0/22,1
103.13.232.0/22,1
103.14.0.0/24,1
103.14.22.0/23,1
103.14.56.0/22,1
103.14.148.0/24,1
103.14.150.0/23,1
103.14.154.0/23,1
103.14.168.0/22,1
103.14.208.0/22,1
103.14.224.0/22,1
103.15.12.0/22,1
103.15.38.0/24,1
103.15.88.0/21,1
103.15.156.0/23,1
103.15.160.0/22,1
103.15.212.0/22,1
103.15.220.0/22,1
103.15.227.0/24,1
103.16.4.0/23,1
103.16.76.0/24,1
103.16.116.0/22,1
103.16.208.0/23,1
103.16.212.0/22,1
103.16.248.0/22,1
103.17.4.0/22,1
103.17.32.0/22,1
103.17.148.0/22,1
103.18.44.0/22,1
103.18.112.0/22,1
103.18.184.0/22,1
103.18.188.0/24,1
103.18.204.0/22,1
103.18.232.0/22,1
103.19.28.0/22,1
103.19.48.0/22,1
103.19.120.0/22,1
103.19.156.0/22,1
103.20.16.0/24,1
103.20.50.0/24,1
103.20.88.0/24,1
103.20.96.0/21,1
103.20.108.0/22,1
103.20.198.0/23,1
103.20.219.0/24,1
103.20.228.0/22,1
103.20.240.0/22,1
103.21.4.0/22,1
103.21.68.0/22,1
103.21.96.0/22,1
103.21.100.0/23,1
103.21.102.0/24,1
103.21.188.0/22,1
103.21.195.0/24,1
103.21.220.0/22,1
103.22.96.0/22,1
103.22.216.0/22,1
103.23.8.0/22,1
103.23.28.0/24,1
103.23.68.0/23,1
103.23.88.0/21,1
103.23.124.0/22,1
103.23.148.0/23,1
103.23.172.0/23,1
103.23.196.0/22,1
103.23.252.0/22,1
103.24.52.0/22,1
103.24.68.0/22,1
103.24.78.0/23,1
103.24.88.0/22,1
103.24.192.0/23,1
103.24.196.0/22,1
103.24.232.0/22,1
103.25.164.0/24,1
103.25.184.0/22,1
103.25.220.0/24,1
103.26.24.0/21,1
103.26.116.0/22,1
103.26.176.0/22,1
103.26.188.0/22,1
103.27.192.0/22,1
103.27.255.0/24,1
103.28.16.0/22,1
103.29.0.0/22,1
103.29.8.0/22,1
103.29.29.0/24,1
103.29.60.0/22,1
103.29.80.0/22,1
103.29.180.0/22,1
103.29.236.0/22,1
103.30.8.0/21,1
103.30.60.0/22,1
103.30.72.0/22,1
103.30.104.0/22,1
103.30.192.0/22,1
103.30.212.0/24,1
103.31.8.0/22,1
103.31.40.0/22,1
103.31.116.0/22,1
103.32.0.0/16,1
103.34.0.0/16,1
103.35.114.0/23,1
103.35.152.0/22,1
103.35.176.0/22,1
103.35.216.0/24,1
103.35.219.0/24,1
103.36.64.0/22,1
103.36.70.0/24,1
103.36.250.0/24,1
103.37.4.0/22,1
103.37.22.0/23,1
103.37.88.0/22,1
103.37.96.0/23,1
103.37.98.0/24,1
103.37.184.0/22,1
103.37.202.0/23,1
103.38.8.0/24,1
103.38.52.0/22,1
103.38.108.0/22,1
103.38.180.0/22,1
103.38.208.0/22,1
103.38.216.0/23,1
103.38.220.0/22,1
103.38.236.0/22,1
103.38.244.0/22,1
103.38.248.0/22,1
103.39.32.0/22,1
103.39.68.0/22,1
103.39.72.0/22,1
103.39.120.0/23,1
103.39.124.0/22,1
103.39.144.0/22,1
103.39.196.0/22,1
103.40.52.0/23,1
103.40.156.0/22,1
103.40.166.0/23,1
103.41.72.0/21,1
103.41.92.0/22,1
103.41.112.0/22,1
103.41.168.0/24,1
103.41.248.0/22,1
103.42.4.0/22,1
103.42.12.0/22,1
103.42.18.0/24,1
103.42.50.0/23,1
103.42.52.0/22,1
103.42.60.0/22,1
103.42.128.0/22,1
103.42.164.0/22,1
103.42.200.0/22,1
103.42.204.0/24,1
103.42.220.0/22,1
103.42.228.0/22,1
103.42.240.0/21,1
103.43.24.0/22,1
103.43.60.0/22,1
103.43.94.0/23,1
103.43.164.0/22,1
103.44.8.0/22,1
103.44.19.0/24,1
103.44.152.0/22,1
103.46.4.0/22,1
103.46.8.0/22,1
103.46.184.0/22,1
103.46.199.0/24,1
103.47.8.0/22,1
103.47.128.0/22,1
103.47.180.0/22,1
103.48.40.0/22,1
103.48.117.0/24,1
103.48.160.0/22,1
103.48.200.0/24,1
103.49.48.0/22,1
103.49.70.0/23,1
103.49.100.0/22,1
103.49.112.0/22,1
103.49.124.0/23,1
103.49.146.0/24,1
103.49.150.0/24,1
103.49.164.0/22,1
103.49.236.0/22,1
103.50.20.0/22,1
103.50.149.0/24,1
103.51.62.0/23,1
103.51.84.0/22,1
103.51.88.0/22,1
103.51.96.0/22,1
103.51.104.0/22,1
103.51.120.0/22,1
103.51.129.0/24,1
103.51.204.0/22,1
103.52.4.0/23,1
103.52.6.0/24,1
103.52.63.0/24,1
103.52.112.0/22,1
103.52.133.0/24,1
103.53.28.0/22,1
103.53.156.0/22,1
103.53.160.0/22,1
103.54.76.0/22,1
103.54.80.0/22,1
103.54.108.0/23,1
103.54.168.0/22,1
103.54.176.0/22,1
103.54.228.0/22,1
103.55.4.0/22,1
103.55.20.0/22,1
103.55.178.0/24,1
103.55.224.0/22,1
103.55.240.0/22,1
103.55.248.0/21,1
103.56.0.0/22,1
103.56.80.0/22,1
103.56.92.0/22,1
103.57.64.0/22,1
103.57.96.0/22,1
103.57.128.0/22,1
103.57.224.0/23,1
103.58.119.0/24,1
103.58.180.0/23,1
103.58.196.0/22,1
103.59.160.0/22,1
103.59.216.0/22,1
103.60.4.0/22,1
103.60.88.0/21,1
103.60.97.0/24,1
103.60.188.0/22,1
103.60.204.0/22,1
103.60.240.0/22,1
103.61.4.0/22,1
103.61.16.0/22,1
103.61.40.0/24,1
103.61.120.0/22,1
103.61.232.0/22,1
103.62.148.0/22,1
103.63.24.0/23,1
103.63.191.0/24,1
103.63.232.0/24,1
103.64.128.0/22,1
103.65.116.0/22,1
103.65.120.0/21,1
103.65.128.0/20,1
103.65.204.0/22,1
103.65.220.0/22,1
103.65.224.0/22,1
103.65.240.0/22,1
103.65.248.0/22,1
103.66.38.0/24,1
103.66.60.0/22,1
103.66.168.0/23,1
103.66.228.0/22,1
103.66.236.0/22,1
103.67.24.0/23,1
103.67.40.0/21,1
103.67.48.0/20,1
103.67.64.0/19,1
103.67.96.0/22,1
103.67.160.0/22,1
103.67.186.0/23,1
103.68.24.0/24,1
103.68.26.0/24,1
103.68.56.0/23,1
103.68.84.0/22,1
103.68.95.0/24,1
103.68.126.0/23,1
103.68.139.0/24,1
103.68.212.0/22,1
103.68.232.0/22,1
103.69.2.0/23,1
103.69.60.0/22,1
103.69.129.0/24,1
103.69.160.0/22,1
103.69.200.0/22,1
103.69.236.0/22,1
103.69.255.0/24,1
103.70.12.0/22,1
103.70.36.0/23,1
103.70.176.0/22,1
103.70.226.182,1
103.71.25.0/24,1
103.71.96.0/23,1
103.71.188.0/24,1
103.71.220.0/22,1
103.72.89.0/24,1
103.72.136.0/22,1
103.72.196.0/22,1
103.72.200.0/24,1
103.72.212.0/22,1
103.73.86.0/23,1
103.73.158.0/23,1
103.73.172.0/22,1
103.73.184.0/22,1
103.73.192.0/23,1
103.73.216.0/22,1
103.74.8.0/22,1
103.74.65.0/24,1
103.74.225.0/24,1
103.75.36.0/22,1
103.75.84.0/22,1
103.76.0.0/23,1
103.76.91.0/24,1
103.76.96.0/22,1
103.76.104.0/21,1
103.76.116.0/22,1
103.76.120.0/22,1
103.76.128.0/22,1
103.76.162.0/23,1
103.76.178.0/24,1
103.76.192.0/22,1
103.77.14.0/24,1
103.77.32.0/22,1
103.77.81.0/24,1
103.78.51.0/24,1
103.78.186.0/23,1
103.78.240.0/24,1
103.79.48.0/22,1
103.79.128.0/22,1
103.79.229.0/24,1
103.79.236.0/22,1
103.79.244.0/22,1
103.80.8.0/22,1
103.80.78.0/23,1
103.80.131.0/24,1
103.80.212.0/22,1
103.80.228.0/22,1
103.81.28.0/22,1
103.81.55.0/24,1
103.81.103.0/24,1
103.81.108.0/22,1
103.81.245.0/24,1
103.81.252.0/22,1
103.82.92.0/22,1
103.82.200.0/22,1
103.82.246.0/24,1
103.83.28.0/22,1
103.83.132.0/22,1
103.83.151.0/24,1
103.83.162.0/23,1
103.83.236.0/22,1
103.84.56.0/22,1
103.84.100.0/22,1
103.84.104.0/22,1
103.84.168.0/22,1
103.84.196.0/22,1
103.84.204.0/22,1
103.85.52.0/22,1
103.85.56.0/22,1
103.85.132.0/23,1
103.85.180.0/22,1
103.85.184.0/22,1
103.85.244.0/22,1
103.86.116.0/22,1
103.86.128.0/23,1
103.87.148.0/22,1
103.88.52.0/24,1
103.88.79.0/24,1
103.88.88.0/22,1
103.88.139.0/24,1
103.88.152.0/23,1
103.89.36.0/24,1
103.89.44.0/22,1
103.89.240.0/22,1
103.90.15.0/24,1
103.90.60.0/22,1
103.91.55.0/24,1
103.91.60.0/23,1
103.91.112.0/23,1
103.91.137.0/24,1
103.91.138.0/23,1
103.91.195.0/24,1
103.91.224.0/22,1
103.92.16.0/24,1
103.92.106.0/23,1
103.93.18.0/24,1
103.93.20.0/22,1
103.93.27.0/24,1
103.93.32.0/22,1
103.93.93.0/24,1
103.93.212.0/22,1
103.94.100.0/23,1
103.94.140.0/22,1
103.94.245.0/24,1
103.94.250.0/23,1
103.95.4.0/23,1
103.95.20.0/22,1
103.96.52.0/22,1
103.96.88.0/24,1
103.96.144.0/22,1
103.96.224.0/22,1
103.97.87.0/24,1
103.97.153.0/24,1
103.97.196.0/22,1
103.97.231.0/24,1
103.98.0.0/22,1
103.98.122.0/24,1
103.98.192.0/22,1
103.99.0.0/22,1
103.99.27.0/24,1
103.99.66.0/23,1
103.99.132.0/22,1
103.99.136.0/21,1
103.99.144.0/22,1
103.99.187.0/24,1
103.100.168.0/22,1
103.100.176.0/22,1
103.100.245.0/24,1
103.101.40.0/23,1
103.101.96.0/22,1
103.101.164.0/23,1
103.101.216.0/22,1
103.102.26.0/24,1
103.102.48.0/23,1
103.102.54.0/23,1
103.103.4.0/23,1
103.103.173.0/24,1
103.103.216.0/23,1
103.104.86.0/24,1
103.104.176.0/24,1
103.105.22.0/24,1
103.106.73.0/24,1
103.106.104.0/22,1
103.107.136.0/22,1
103.107.148.0/24,1
103.107.240.0/22,1
103.108.172.0/24,1
103.108.174.0/23,1
103.109.105.0/24,1
103.109.149.0/24,1
103.109.204.0/22,1
103.110.41.0/24,1
103.110.220.0/24,1
103.111.4.0/22,1
103.111.216.0/24,1
103.112.194.0/23,1
103.113.36.0/22,1
103.113.166.0/23,1
103.114.63.0/24,1
103.114.252.0/22,1
103.115.35.0/24,1
103.115.88.0/22,1
103.115.108.0/22,1
103.116.80.0/22,1
103.117.10.0/24,1
103.117.30.0/23,1
103.117.44.0/22,1
103.119.80.0/22,1
103.119.170.0/23,1
103.120.83.30,1
103.122.0.0/22,1
103.122.144.0/22,1
103.126.26.0/24,1
103.130.236.0/22,1
103.131.182.0/24,1
103.133.182.0/23,1
103.134.144.0/23,1
103.135.144.0/24,1
103.136.244.0/23,1
103.137.151.0/24,1
103.145.13.0/24,1
103.151.129.0/24,1
103.157.35.0/24,1
103.157.38.0/23,1
103.157.40.0/21,1
103.157.48.0/20,1
103.157.64.0/18,1
103.157.128.0/17,1
103.158.0.0/15,1
103.160.0.0/11,1
103.192.81.0/24,1
103.192.174.0/24,1
103.193.72.0/22,1
103.193.164.0/24,1
103.193.176.0/22,1
103.194.46.0/23,1
103.194.228.0/24,1
103.195.17.0/24,1
103.195.28.0/24,1
103.196.0.0/22,1
103.196.15.0/24,1
103.196.26.0/23,1
103.196.85.0/24,1
103.196.144.0/22,1
103.196.152.0/22,1
103.196.164.0/22,1
103.196.176.0/22,1
103.196.184.0/22,1
103.197.8.0/22,1
103.197.50.0/24,1
103.197.76.0/22,1
103.197.90.0/23,1
103.197.156.0/22,1
103.197.184.0/23,1
103.197.240.0/22,1
103.197.252.0/22,1
103.198.26.0/23,1
103.198.94.0/23,1
103.198.129.0/24,1
103.198.152.0/22,1
103.198.211.0/24,1
103.199.88.0/22,1
103.199.117.0/24,1
103.199.140.0/22,1
103.200.204.0/22,1
103.202.226.0/24,1
103.203.88.0/23,1
103.203.90.0/24,1
103.203.204.0/22,1
103.204.44.0/22,1
103.204.71.0/24,1
103.204.92.0/22,1
103.204.116.0/24,1
103.204.216.0/23,1
103.205.36.0/23,1
103.205.60.0/22,1
103.205.84.0/22,1
103.205.185.0/24,1
103.205.220.0/22,1
103.206.16.0/22,1
103.206.29.0/24,1
103.206.72.0/23,1
103.206.98.0/24,1
103.206.154.0/23,1
103.206.158.0/24,1
103.207.17.0/24,1
103.207.60.0/22,1
103.207.88.0/22,1
103.207.103.0/24,1
103.207.160.0/22,1
103.208.64.0/22,1
103.208.88.0/22,1
103.209.32.0/22,1
103.209.60.0/22,1
103.209.72.0/22,1
103.209.92.0/23,1
103.209.94.0/24,1
103.209.108.0/23,1
103.209.128.0/23,1
103.209.132.0/22,1
103.209.154.0/23,1
103.209.212.0/22,1
103.210.52.0/22,1
103.210.68.0/22,1
103.210.114.0/23,1
103.210.126.0/23,1
103.210.128.0/22,1
103.210.209.0/24,1
103.210.210.0/24,1
103.210.224.0/22,1
103.210.244.0/22,1
103.210.250.0/24,1
103.211.4.0/23,1
103.211.26.0/23,1
103.211.104.0/22,1
103.211.160.0/22,1
103.211.168.0/22,1
103.211.196.0/24,1
103.211.200.0/21,1
103.212.152.0/22,1
103.212.160.0/22,1
103.212.172.0/22,1
103.212.177.0/24,1
103.212.178.0/23,1
103.212.184.0/22,1
103.212.210.0/24,1
103.213.196.0/22,1
103.213.229.0/24,1
103.213.230.0/23,1
103.213.232.0/22,1
103.213.252.0/22,1
103.214.40.0/24,1
103.214.96.0/23,1
103.214.160.0/22,1
103.214.176.0/24,1
103.214.178.0/23,1
103.214.224.0/22,1
103.215.60.0/22,1
103.215.73.0/24,1
103.215.75.0/24,1
103.215.80.0/22,1
103.215.112.0/22,1
103.215.180.0/22,1
103.215.232.0/23,1
103.216.99.0/24,1
103.216.134.0/24,1
103.217.76.0/24,1
103.217.98.0/23,1
103.217.107.0/24,1
103.218.104.0/22,1
103.218.180.0/22,1
103.219.224.0/22,1
103.220.22.0/23,1
103.220.44.0/23,1
103.221.64.0/22,1
103.221.236.0/22,1
103.222.252.0/22,1
103.224.16.0/22,1
103.224.55.0/24,1
103.224.76.0/22,1
103.224.92.0/22,1
103.224.124.0/23,1
103.224.126.0/24,1
103.224.172.0/22,1
103.224.212.222,1
103.225.44.0/23,1
103.225.72.0/22,1
103.225.97.0/24,1
103.225.116.0/22,1
103.225.128.0/22,1
103.225.216.0/22,1
103.225.243.0/24,1
103.225.252.0/22,1
103.226.24.0/22,1
103.226.116.0/22,1
103.226.192.0/22,1
103.227.4.0/22,1
103.227.92.0/22,1
103.227.184.0/22,1
103.227.248.0/22,1
103.228.8.0/22,1
103.228.18.0/24,1
103.228.48.0/24,1
103.228.60.0/22,1
103.228.72.0/22,1
103.228.103.0/24,1
103.229.0.0/24,1
103.229.14.0/23,1
103.229.36.0/22,1
103.229.52.0/22,1
103.229.88.0/22,1
103.229.97.0/24,1
103.229.131.0/24,1
103.229.188.0/22,1
103.229.232.0/22,1
103.230.40.0/22,1
103.230.81.0/24,1
103.230.82.0/24,1
103.230.92.0/22,1
103.230.128.0/22,1
103.230.144.0/22,1
103.230.176.0/22,1
103.230.244.0/22,1
103.231.24.0/23,1
103.231.26.0/24,1
103.231.236.0/24,1
103.231.238.0/23,1
103.231.248.0/23,1
103.232.20.0/22,1
103.232.136.0/22,1
103.232.164.0/22,1
103.232.172.0/22,1
103.233.72.0/24,1
103.233.162.0/23,1
103.233.176.0/22,1
103.234.12.0/24,1
103.234.28.0/22,1
103.234.32.0/22,1
103.234.95.0/24,1
103.234.124.0/22,1
103.234.150.0/23,1
103.234.160.0/23,1
103.234.188.0/22,1
103.235.160.0/22,1
103.236.32.0/22,1
103.236.104.0/22,1
103.236.128.0/22,1
103.236.140.0/22,1
103.236.172.0/22,1
103.236.194.0/23,1
103.236.212.0/22,1
103.236.224.0/22,1
103.237.48.0/22,1
103.237.84.0/22,1
103.238.64.0/22,1
103.238.112.0/22,1
103.238.152.0/22,1
103.238.216.0/22,1
103.239.12.0/22,1
103.239.20.0/22,1
103.239.28.0/22,1
103.239.40.0/22,1
103.239.56.0/22,1
103.239.64.0/22,1
103.239.88.0/22,1
103.239.148.0/22,1
103.239.172.0/22,1
103.239.214.0/23,1
103.240.0.0/21,1
103.240.24.0/22,1
103.240.56.0/22,1
103.240.68.0/22,1
103.241.40.0/22,1
103.241.149.0/24,1
103.241.172.0/22,1
103.241.192.0/22,1
103.242.8.0/22,1
103.242.76.0/22,1
103.242.80.0/22,1
103.242.86.0/24,1
103.242.150.0/23,1
103.242.234.0/24,1
103.243.8.0/22,1
103.243.19.0/24,1
103.243.124.0/22,1
103.243.168.0/22,1
103.243.176.0/24,1
103.243.228.0/22,1
103.243.232.0/22,1
103.243.238.0/24,1
103.243.244.0/23,1
103.244.20.0/22,1
103.244.24.0/22,1
103.244.49.0/24,1
103.244.163.0/24,1
103.244.188.0/23,1
103.244.224.0/22,1
103.245.36.0/22,1
103.245.56.0/22,1
103.245.156.0/22,1
103.245.168.0/22,1
103.245.178.0/23,1
103.245.236.0/22,1
103.246.60.0/22,1
103.246.64.0/22,1
103.246.72.0/22,1
103.246.168.0/24,1
103.247.28.0/22,1
103.247.67.0/24,1
103.247.80.0/22,1
103.247.188.0/24,1
103.247.240.0/22,1
103.248.8.0/22,1
103.248.48.0/22,1
103.248.140.0/22,1
103.248.228.0/22,1
103.248.240.0/22,1
103.248.250.0/24,1
103.249.18.0/23,1
103.249.116.0/22,1
103.249.200.0/22,1
103.250.28.0/23,1
103.250.40.0/24,1
103.250.62.0/24,1
103.250.76.0/22,1
103.250.96.0/21,1
103.250.108.0/22,1
103.250.120.0/22,1
103.250.187.0/24,1
103.250.196.0/23,1
103.250.208.0/22,1
103.250.220.0/23,1
103.251.8.0/22,1
103.251.68.0/22,1
103.251.170.0/24,1
103.251.252.0/22,1
103.252.47.0/24,1
103.252.48.0/24,1
103.252.72.0/22,1
103.252.86.0/23,1
103.252.92.0/22,1
103.252.120.0/22,1
103.252.136.0/22,1
103.252.160.0/24,1
103.252.180.0/22,1
103.252.192.0/22,1
103.253.16.0/21,1
103.253.100.0/22,1
103.253.127.0/24,1
103.253.176.0/22,1
103.253.228.0/22,1
103.253.244.0/22,1
103.254.91.0/24,1
103.254.124.0/23,1
103.254.197.0/24,1
103.254.212.0/22,1
103.255.28.0/24,1
103.255.40.0/22,1
103.255.64.0/22,1
103.255.96.0/22,1
103.255.108.0/22,1
103.255.132.0/22,1
103.255.160.0/21,1
103.255.192.0/21,1
103.255.204.0/22,1
103.255.208.0/22,1
103.255.220.0/22,1
104.18.40.160,1
104.18.41.160,1
104.18.58.253,1
104.18.59.253,1
104.24.108.81,1
104.24.109.81,1
104.27.180.130,1
104.27.180.160,1
104.27.181.130,1
104.27.181.160,1
104.27.184.30,1
104.27.185.30,1
104.28.26.243,1
104.28.27.243,1
104.28.28.252,1
104.28.29.252,1
104.143.16.0/20,1
104.149.174.100,1
104.153.244.0/22,1
104.156.57.40,1
104.166.96.0/19,1
104.171.23.69,1
104.171.23.70,1
104.195.23.59,1
104.197.104.56,1
104.202.22.13,1
104.202.87.74,1
104.203.167.207,1
104.206.78.18,1
104.207.64.0/19,1
104.233.0.0/18,1
104.239.0.0/17,1
104.243.192.0/20,1
104.244.75.32,1
104.247.96.0/19,1
104.250.192.0/18,1
106.95.0.0/16,1
107.6.74.80,1
107.6.74.93,1
107.151.119.204,1
107.180.41.146,1
107.182.112.0/20,1
107.182.240.0/20,1
107.190.160.0/20,1
108.59.12.98/31,1
108.59.12.100,1
108.61.19.11,1
108.61.19.14,1
108.179.252.199,1
109.70.4.246,1
109.71.54.17,1
109.107.128.0/19,1
109.205.56.0/21,1
109.234.72.0/21,1
109.248.10.176,1
110.41.0.0/16,1
110.172.24.0/21,1
111.223.192.0/19,1
112.78.125.29,1
112.121.187.246,1
113.192.0.0/18,1
113.201.51.0/24,1
113.212.128.0/19,1
115.84.168.0/21,1
115.187.16.0/20,1
116.79.0.0/16,1
116.119.0.0/17,1
116.144.0.0/14,1
116.199.200.0/21,1
116.202.231.184,1
117.58.0.0/17,1
119.3.179.174,1
119.58.0.0/16,1
119.188.157.23,1
119.227.224.0/19,1
119.232.0.0/16,1
120.46.0.0/15,1
120.48.0.0/15,1
120.64.0.0/16,1
120.67.0.0/16,1
120.107.3.165,1
120.128.128.0/17,1
120.129.0.0/16,1
120.130.0.0/16,1
120.227.100.34,1
121.35.145.102,1
121.40.153.149,1
121.41.147.32,1
121.46.72.0/22,1
121.46.124.0/22,1
121.54.175.96,1
121.241.144.35,1
121.254.178.252,1
122.8.0.0/16,1
122.10.99.22,1
122.102.120.0/21,1
122.129.0.0/18,1
123.136.80.0/20,1
123.254.108.81,1
124.20.0.0/16,1
124.68.0.0/15,1
124.157.0.0/18,1
124.242.0.0/16,1
125.31.192.0/18,1
125.58.0.0/18,1
125.119.32.0/22,1
125.169.0.0/16,1
127.0.0.0/8,1
128.24.0.0/16,1
128.85.0.0/16,1
129.181.96.164,1
130.21.0.0/16,1
130.148.0.0/16,1
130.196.0.0/16,1
130.211.40.170,1
130.222.0.0/16,1
130.229.91.0,1
131.108.16.0/22,1
131.143.0.0/16,1
131.200.0.0/16,1
132.148.25.127,1
132.148.231.248,1
132.213.126.70,1
132.255.132.0/22,1
133.37.107.164,1
133.130.35.90,1
133.242.195.32,1
134.18.0.0/16,1
134.22.0.0/15,1
134.33.0.0/16,1
134.73.61.187,1
134.73.142.227,1
134.73.209.244,1
134.127.0.0/16,1
134.172.0.0/16,1
137.19.0.0/16,1
137.31.0.0/16,1
137.33.0.0/16,1
137.55.0.0/16,1
137.72.0.0/16,1
137.74.151.103,1
137.74.217.60,1
137.76.0.0/16,1
137.105.0.0/16,1
137.114.0.0/16,1
137.218.0.0/16,1
138.31.0.0/16,1
138.36.92.0/22,1
138.36.136.0/22,1
138.52.0.0/16,1
138.59.4.0/22,1
138.59.204.0/22,1
138.68.142.109,1
138.94.144.0/22,1
138.94.216.0/22,1
138.97.156.0/22,1
138.122.192.0/22,1
138.125.0.0/16,1
138.185.116.0/22,1
138.186.208.0/22,1
138.216.0.0/16,1
138.219.172.0/22,1
138.249.0.0/16,1
139.44.0.0/16,1
139.81.0.0/16,1
139.188.0.0/16,1
140.167.0.0/16,1
141.98.68.0/22,1
141.98.81.0/24,1
141.105.126.87,1
141.136.22.0/24,1
141.178.0.0/16,1
141.253.0.0/16,1
142.102.0.0/16,1
142.111.199.16,1
143.0.236.0/22,1
143.49.0.0/16,1
143.95.79.234,1
143.135.0.0/16,1
143.136.0.0/16,1
143.215.15.199,1
143.253.0.0/16,1
145.131.10.247,1
145.231.0.0/16,1
146.3.0.0/16,1
146.51.0.0/16,1
146.148.34.125,1
146.183.0.0/16,1
146.202.0.0/16,1
146.252.0.0/16,1
146.255.184.0/21,1
147.7.0.0/16,1
147.16.0.0/14,1
147.78.224.0/22,1
147.119.0.0/16,1
148.148.0.0/16,1
148.154.0.0/16,1
148.178.0.0/16,1
148.185.0.0/16,1
148.248.0.0/16,1
149.118.0.0/16,1
149.207.0.0/16,1
149.216.106.61,1
149.255.58.42,1
150.10.0.0/16,1
150.22.128.0/17,1
150.25.0.0/16,1
150.40.0.0/16,1
150.95.255.38,1
150.121.0.0/16,1
150.129.212.0/22,1
150.129.228.0/22,1
150.141.0.0/16,1
150.242.100.0/22,1
150.242.120.0/22,1
150.242.144.0/22,1
150.242.176.0/22,1
151.212.0.0/16,1
152.89.228.0/22,1
152.109.0.0/16,1
152.147.0.0/16,1
153.14.0.0/16,1
153.52.0.0/14,1
153.85.0.0/16,1
153.93.0.0/16,1
154.65.96.0/20,1
154.80.242.31,1
154.90.36.229,1
154.90.37.102,1
154.95.135.196,1
154.195.209.90,1
154.196.20.154,1
154.198.219.27,1
154.212.209.96,1
154.214.250.73,1
154.216.243.104,1
155.11.0.0/16,1
155.40.0.0/16,1
155.66.0.0/16,1
155.71.0.0/16,1
155.73.0.0/16,1
155.108.0.0/16,1
155.159.0.0/16,1
155.235.0.0/16,1
155.249.0.0/16,1
156.0.199.0/24,1
156.96.0.0/16,1
156.225.101.57,1
156.232.185.254,1
156.234.43.65,1
156.238.79.182,1
156.245.93.85,1
157.7.44.219,1
157.7.184.14,1
157.7.184.17,1
157.7.188.207,1
157.10.0.0/16,1
157.15.0.0/16,1
157.20.0.0/16,1
157.66.0.0/16,1
157.115.0.0/16,1
157.162.0.0/16,1
157.186.0.0/16,1
157.195.0.0/16,1
157.230.67.179,1
158.54.0.0/16,1
158.90.0.0/17,1
158.249.0.0/16,1
159.8.210.35,1
159.80.0.0/16,1
159.85.0.0/16,1
159.151.0.0/16,1
159.174.0.0/16,1
159.219.0.0/16,1
159.229.0.0/16,1
160.14.0.0/16,1
160.16.199.126,1
160.16.223.90,1
160.19.16.0/22,1
160.19.32.0/22,1
160.19.40.0/22,1
160.19.56.0/22,1
160.19.68.0/22,1
160.19.72.0/21,1
160.19.80.0/21,1
160.19.88.0/22,1
160.19.108.0/22,1
160.19.144.0/21,1
160.19.156.0/22,1
160.19.164.0/22,1
160.19.176.0/22,1
160.19.184.0/22,1
160.19.204.0/22,1
160.19.228.0/22,1
160.20.4.0/22,1
160.20.16.0/22,1
160.20.36.0/22,1
160.20.76.0/22,1
160.20.104.0/22,1
160.20.116.0/22,1
160.20.120.0/21,1
160.20.128.0/20,1
160.20.212.0/24,1
160.20.216.0/24,1
160.20.220.0/24,1
160.20.224.0/24,1
160.20.228.0/24,1
160.20.240.0/24,1
160.20.244.0/24,1
160.20.250.0/24,1
160.21.0.0/16,1
160.22.0.0/16,1
160.25.0.0/16,1
160.30.0.0/16,1
160.115.0.0/16,1
160.116.0.0/15,1
160.121.0.0/16,1
160.122.0.0/16,1
160.180.0.0/16,1
160.181.164.88,1
160.184.0.0/16,1
160.187.0.0/16,1
160.188.0.0/16,1
160.191.0.0/16,1
160.200.0.0/16,1
160.235.0.0/16,1
160.240.0.0/16,1
160.250.0.0/16,1
160.255.0.0/16,1
161.0.0.0/19,1
161.0.68.0/22,1
161.1.0.0/16,1
161.248.0.0/16,1
162.144.26.233,1
162.208.124.0/22,1
162.209.205.41,1
162.210.102.66,1
162.212.188.0/22,1
162.217.99.132,1
162.217.99.137,1
162.222.128.0/21,1
162.243.55.152,1
162.255.119.102,1
162.255.119.204,1
163.43.102.74,1
163.47.19.0/24,1
163.47.22.0/24,1
163.47.25.0/24,1
163.47.26.0/23,1
163.47.28.0/24,1
163.47.30.0/23,1
163.47.46.0/24,1
163.50.0.0/16,1
163.53.247.0/24,1
163.59.0.0/16,1
163.61.0.0/16,1
163.127.224.0/19,1
163.128.224.0/19,1
163.172.86.124,1
163.198.0.0/16,1
163.216.0.0/19,1
163.223.0.0/16,1
163.227.0.0/24,1
163.227.2.0/23,1
163.227.4.0/22,1
163.227.8.0/21,1
163.227.16.0/24,1
163.227.18.0/23,1
163.227.20.0/22,1
163.227.24.0/21,1
163.227.32.0/19,1
163.227.64.0/19,1
163.227.96.0/20,1
163.227.112.0/21,1
163.227.120.0/22,1
163.227.124.0/24,1
163.227.126.0/23,1
163.227.128.0/18,1
163.227.192.0/20,1
163.227.208.0/21,1
163.227.216.0/22,1
163.227.220.0/24,1
163.227.222.0/23,1
163.227.224.0/24,1
163.227.228.0/22,1
163.227.232.0/24,1
163.227.235.0/24,1
163.227.236.0/22,1
163.227.240.0/24,1
163.227.244.0/22,1
163.227.248.0/22,1
163.227.252.0/23,1
163.227.255.0/24,1
163.250.0.0/16,1
163.254.0.0/16,1
164.6.0.0/16,1
164.79.0.0/16,1
164.88.0.0/16,1
164.137.0.0/16,1
164.155.0.0/16,1
165.3.0.0/16,1
165.25.0.0/16,1
165.52.0.0/14,1
165.99.0.0/16,1
165.101.4.0/22,1
165.101.8.0/21,1
165.101.16.0/20,1
165.101.32.0/19,1
165.101.64.0/18,1
165.101.128.0/17,1
165.102.0.0/16,1
165.205.0.0/16,1
165.209.0.0/16,1
166.93.0.0/16,1
166.117.0.0/16,1
167.74.0.0/18,1
167.97.0.0/16,1
167.103.0.0/16,1
167.158.0.0/16,1
167.160.96.0/19,1
167.162.0.0/16,1
167.175.0.0/16,1
167.224.0.0/19,1
167.248.133.0/24,1
167.249.200.0/22,1
168.0.212.0/22,1
168.64.0.0/16,1
168.76.0.0/16,1
168.80.0.0/15,1
168.90.96.0/22,1
168.129.0.0/16,1
168.151.0.0/22,1
168.151.4.0/23,1
168.151.6.0/24,1
168.151.32.0/21,1
168.151.43.0/24,1
168.151.44.0/22,1
168.151.48.0/22,1
168.151.52.0/23,1
168.151.54.0/24,1
168.151.56.0/21,1
168.151.64.0/22,1
168.151.68.0/23,1
168.151.72.0/21,1
168.151.80.0/20,1
168.151.96.0/19,1
168.151.128.0/20,1
168.151.145.0/24,1
168.151.146.0/23,1
168.151.148.0/22,1
168.151.152.0/22,1
168.151.157.0/24,1
168.151.158.0/23,1
168.151.160.0/20,1
168.151.176.0/21,1
168.151.184.0/22,1
168.151.192.0/20,1
168.151.208.0/21,1
168.151.216.0/22,1
168.151.220.0/23,1
168.151.232.0/21,1
168.151.240.0/21,1
168.151.248.0/22,1
168.151.254.0/24,1
168.181.52.0/22,1
168.195.76.0/22,1
168.196.236.0/22,1
168.196.240.0/22,1
168.198.0.0/16,1
168.205.72.0/22,1
168.206.0.0/16,1
168.211.0.0/16,1
168.227.128.0/22,1
168.227.140.0/22,1
169.50.13.61,1
169.239.152.0/22,1
169.254.0.0/16,1
170.67.0.0/16,1
170.83.232.0/22,1
170.113.0.0/16,1
170.114.0.0/16,1
170.120.0.0/16,1
170.179.0.0/16,1
170.244.40.0/22,1
170.244.240.0/22,1
170.245.40.0/22,1
170.247.220.0/22,1
171.25.212.0/22,1
171.26.0.0/16,1
172.16.0.0/12,1
172.98.0.0/18,1
172.98.192.37,1
172.104.243.27,1
172.120.167.67,1
172.120.168.177,1
172.252.250.177,1
173.231.184.61,1
173.231.184.117,1
173.231.184.123,1
173.236.178.74,1
173.239.5.6,1
173.239.8.164,1
174.136.192.0/18,1
175.100.168.0/21,1
175.103.64.0/18,1
175.111.96.0/22,1
176.56.32.0/21,1
176.56.192.0/19,1
176.96.88.0/21,1
176.100.40.0/21,1
176.102.120.0/21,1
176.103.240.0/21,1
176.116.0.0/19,1
176.116.232.0/22,1
176.118.32.0/21,1
176.119.4.0/24,1
176.119.7.0/24,1
176.121.14.0/24,1
176.126.192.0/23,1
176.126.194.0/24,1
176.223.116.0/23,1
176.223.118.0/24,1
176.223.160.0/23,1
177.234.136.0/21,1
178.22.59.66,1
178.23.184.0/21,1
178.159.97.0/24,1
178.159.100.0/24,1
178.159.107.0/24,1
178.212.184.0/21,1
178.213.176.0/22,1
178.254.10.14,1
179.63.0.0/17,1
180.94.0.0/19,1
180.131.128.0/21,1
180.153.100.94,1
180.178.192.0/18,1
180.215.129.7,1
180.236.0.0/14,1
181.177.64.0/18,1
185.0.96.0/19,1
185.14.192.0/23,1
185.14.195.0/24,1
185.21.8.0/22,1
185.26.105.244,1
185.30.168.0/22,1
185.39.8.0/22,1
185.42.107.8,1
185.51.65.38,1
185.55.4.0/22,1
185.55.140.0/22,1
185.60.201.0/24,1
185.60.202.0/23,1
185.63.35.0/24,1
185.64.23.0/24,1
185.66.237.14,1
185.71.0.0/22,1
185.77.248.0/24,1
185.80.112.0/22,1
185.102.48.0/22,1
185.104.45.33,1
185.105.56.0/22,1
185.105.188.0/22,1
185.110.0.0/22,1
185.114.108.15,1
185.116.172.0/23,1
185.116.175.0/24,1
185.120.8.0/22,1
185.120.16.0/22,1
185.122.128.0/22,1
185.123.144.0/20,1
185.123.248.0/21,1
185.124.0.0/22,1
185.124.56.0/21,1
185.126.68.0/22,1
185.126.116.0/22,1
185.126.136.0/22,1
185.126.148.0/22,1
185.126.160.0/21,1
185.126.224.0/22,1
185.126.236.0/22,1
185.126.248.0/22,1
185.127.44.0/22,1
185.127.56.0/22,1
185.127.68.0/22,1
185.127.76.0/22,1
185.127.92.0/22,1
185.129.8.0/22,1
185.129.208.0/22,1
185.130.36.0/22,1
185.130.40.0/22,1
185.132.8.0/22,1
185.134.48.0/22,1
185.135.140.0/22,1
185.135.241.4,1
185.140.53.0/24,1
185.143.220.0/24,1
185.143.222.0/23,1
185.144.180.0/22,1
185.147.140.0/22,1
185.156.88.0/21,1
185.161.148.0/22,1
185.165.24.0/22,1
185.165.153.0/24,1
185.175.93.0/24,1
185.175.140.0/22,1
185.176.27.0/24,1
185.180.192.0/22,1
185.181.104.74,1
185.183.8.67,1
185.184.192.0/22,1
185.185.48.0/22,1
185.187.236.0/22,1
185.194.100.0/22,1
185.195.188.0/22,1
185.202.104.0/21,1
185.203.64.0/22,1
185.205.71.0/24,1
185.205.200.0/22,1
185.206.68.0/22,1
185.206.120.0/22,1
185.209.12.0/22,1
185.209.80.0/22,1
185.209.240.0/22,1
185.210.156.0/22,1
185.210.160.0/22,1
185.212.32.0/22,1
185.212.112.0/21,1
185.213.44.0/22,1
185.215.112.0/22,1
185.215.132.0/22,1
185.216.8.0/22,1
185.216.48.0/22,1
185.217.36.0/22,1
185.217.60.0/22,1
185.217.140.0/22,1
185.217.164.0/22,1
185.219.4.0/22,1
185.220.80.0/22,1
185.221.236.0/22,1
185.222.20.0/22,1
185.222.208.0/22,1
185.223.52.0/22,1
185.223.160.0/22,1
185.223.204.0/22,1
185.223.212.0/22,1
185.224.212.0/22,1
185.225.8.0/22,1
185.225.124.0/22,1
185.225.196.0/22,1
185.226.96.0/22,1
185.227.200.0/22,1
185.228.248.0/22,1
185.229.204.0/22,1
185.229.248.0/22,1
185.230.44.0/22,1
185.230.100.0/22,1
185.230.104.0/22,1
185.230.196.0/22,1
185.231.56.0/22,1
185.231.64.0/22,1
185.231.232.0/22,1
185.232.40.0/21,1
185.232.88.0/22,1
185.232.96.0/22,1
185.232.116.0/22,1
185.232.232.0/22,1
185.232.248.163,1
185.233.32.0/22,1
185.233.64.0/22,1
185.234.8.0/21,1
185.234.64.0/22,1
185.234.100.0/22,1
185.234.108.0/22,1
185.234.112.0/22,1
185.234.244.0/22,1
185.234.252.0/22,1
185.235.8.0/22,1
185.235.32.0/22,1
185.235.60.0/22,1
185.235.76.0/22,1
185.235.140.0/22,1
185.235.144.0/22,1
185.235.204.0/22,1
185.235.228.0/22,1
185.236.44.0/22,1
185.236.52.0/22,1
185.236.128.0/22,1
185.236.140.0/22,1
185.237.184.0/22,1
185.237.226.0/23,1
185.238.112.0/22,1
185.238.176.0/22,1
185.239.44.0/22,1
185.241.8.0/22,1
185.241.60.0/22,1
185.241.108.0/22,1
185.242.0.0/22,1
185.242.176.0/22,1
185.242.184.0/22,1
185.243.0.0/22,1
185.243.128.0/22,1
185.244.29.0/24,1
185.244.30.0/23,1
185.244.224.0/22,1
185.244.236.0/22,1
185.248.32.0/22,1
185.248.132.0/22,1
185.249.252.0/22,1
185.251.12.0/22,1
185.251.16.0/21,1
185.251.24.0/22,1
185.251.36.0/22,1
185.251.68.0/22,1
185.251.180.0/22,1
185.252.192.0/22,1
185.252.200.0/22,1
185.252.208.0/21,1
185.253.0.0/21,1
185.253.8.0/22,1
185.253.52.0/22,1
185.253.56.0/22,1
185.253.108.0/22,1
185.254.120.0/22,1
185.254.164.0/22,1
185.255.28.0/22,1
185.255.136.0/22,1
186.65.112.0/20,1
186.179.0.0/18,1
186.202.153.222,1
188.64.136.0/21,1
188.94.188.0/22,1
188.95.64.0/21,1
188.95.88.0/22,1
188.165.143.5,1
188.172.160.0/19,1
188.208.48.0/21,1
188.208.109.0/24,1
188.208.220.0/22,1
188.209.120.0/21,1
188.212.254.0/24,1
188.213.23.0/24,1
188.213.206.0/23,1
188.213.214.0/23,1
188.213.248.0/21,1
188.214.94.0/23,1
188.214.140.0/24,1
188.214.155.0/24,1
188.214.193.0/24,1
188.241.211.0/24,1
188.247.230.0/24,1
189.50.110.40,1
190.123.208.0/20,1
190.185.108.0/22,1
192.0.0.0/24,1
192.0.2.0/24,1
192.5.103.0/24,1
192.12.131.0/24,1
192.22.0.0/16,1
192.26.25.0/24,1
192.31.212.0/23,1
192.40.29.0/24,1
192.43.160.0/24,1
192.43.175.0/24,1
192.43.176.0/21,1
192.43.184.0/24,1
192.51.172.0/22,1
192.51.254.0/24,1
192.54.110.0/24,1
192.64.119.63,1
192.64.119.107,1
192.64.119.138,1
192.64.147.231,1
192.67.16.0/24,1
192.74.245.227,1
192.84.219.0/24,1
192.88.101.0/24,1
192.96.146.0/24,1
192.101.44.0/24,1
192.101.181.0/24,1
192.101.200.0/21,1
192.101.240.0/21,1
192.101.248.0/23,1
192.124.249.106,1
192.133.3.0/24,1
192.135.89.0/24,1
192.135.92.0/24,1
192.135.97.0/24,1
192.135.98.0/24,1
192.135.102.0/24,1
192.145.52.0/22,1
192.147.114.0/24,1
192.152.194.0/24,1
192.154.11.0/24,1
192.155.198.18,1
192.156.142.0/24,1
192.156.152.0/23,1
192.160.44.0/24,1
192.161.80.0/20,1
192.168.0.0/16,1
192.172.245.0/24,1
192.172.246.0/24,1
192.185.72.119,1
192.188.80.0/24,1
192.188.85.0/24,1
192.188.86.0/23,1
192.188.89.0/24,1
192.188.90.0/24,1
192.190.49.0/24,1
192.190.87.140,1
192.190.97.0/24,1
192.190.181.0/24,1
192.195.150.0/24,1
192.197.87.0/24,1
192.203.252.0/24,1
192.206.114.0/24,1
192.219.120.0/21,1
192.219.128.0/18,1
192.219.192.0/20,1
192.219.208.0/21,1
192.226.16.0/20,1
192.229.32.0/19,1
192.231.66.0/24,1
192.234.189.0/24,1
192.245.101.0/24,1
192.251.231.0/24,1
193.3.16.0/21,1
193.5.144.0/22,1
193.17.32.0/22,1
193.17.88.0/21,1
193.22.12.0/22,1
193.22.20.0/22,1
193.25.48.0/20,1
193.27.228.0/23,1
193.30.116.0/22,1
193.30.254.0/23,1
193.32.66.0/23,1
193.32.84.0/22,1
193.32.92.0/22,1
193.32.163.0/24,1
193.34.80.0/22,1
193.34.224.0/22,1
193.35.48.0/22,1
193.35.224.0/21,1
193.36.88.0/22,1
193.37.248.0/22,1
193.38.244.0/22,1
193.39.192.0/22,1
193.41.64.176,1
193.42.20.0/22,1
193.43.40.0/22,1
193.46.172.0/22,1
193.56.0.0/22,1
193.56.8.0/22,1
193.56.132.0/22,1
193.56.144.0/22,1
193.84.108.0/22,1
193.106.188.0/22,1
193.139.0.0/16,1
193.146.253.35,1
193.146.253.36/31,1
193.146.253.38,1
193.146.253.51,1
193.151.160.0/22,1
193.162.78.0/23,1
193.163.124.0/22,1
193.168.216.0/22,1
193.187.96.0/22,1
193.201.8.0/21,1
193.201.232.0/22,1
193.221.208.0/22,1
193.222.100.37,1
193.228.91.0/24,1
193.228.124.0/22,1
193.228.136.0/22,1
193.228.228.0/22,1
193.238.84.0/22,1
193.238.172.0/22,1
193.243.0.0/17,1
193.254.48.0/20,1
194.5.94.0/23,1
194.5.97.0/24,1
194.5.98.0/23,1
194.9.94.85,1
194.9.94.86,1
194.15.32.0/22,1
194.15.44.0/22,1
194.26.16.0/22,1
194.26.25.0/24,1
194.26.100.0/22,1
194.26.116.0/22,1
194.29.52.0/22,1
194.31.8.0/22,1
194.32.104.0/22,1
194.39.108.0/22,1
194.41.60.0/23,1
194.56.148.0/22,1
194.56.180.0/22,1
194.62.16.0/22,1
194.62.40.0/22,1
194.63.144.0/22,1
194.99.156.0/22,1
194.150.76.0/22,1
194.150.113.18,1
194.150.113.50,1
194.187.116.0/22,1
194.242.61.31,1
195.16.72.0/22,1
195.18.24.0/22,1
195.54.160.0/24,1
195.60.236.0/22,1
195.74.38.62,1
195.96.128.0/19,1
195.110.124.188,1
195.123.216.248,1
195.182.57.0/24,1
195.210.96.0/19,1
195.211.48.0/22,1
195.225.80.0/22,1
195.225.96.0/22,1
196.1.109.0/24,1
196.10.64.0/19,1
196.15.64.0/18,1
196.16.0.0/14,1
196.22.132.17,1
196.42.128.0/17,1
196.45.120.0/21,1
196.61.0.0/21,1
196.61.192.0/20,1
196.62.0.0/16,1
196.192.192.0/18,1
196.193.0.0/16,1
196.194.0.0/15,1
196.196.8.0/22,1
196.207.64.0/18,1
196.246.0.0/16,1
197.154.0.0/16,1
197.231.208.0/22,1
197.242.100.0/22,1
197.242.104.0/21,1
197.242.112.0/23,1
198.13.0.0/20,1
198.17.1.0/24,1
198.17.118.0/24,1
198.18.0.0/15,1
198.20.16.0/20,1
198.23.48.104,1
198.38.83.24,1
198.45.32.0/20,1
198.45.64.0/19,1
198.51.100.0/24,1
198.54.117.197,1
198.54.117.198/31,1
198.54.117.200,1
198.54.121.133,1
198.54.232.0/24,1
198.56.16.0/21,1
198.56.64.0/18,1
198.57.64.0/20,1
198.58.118.167,1
198.62.70.0/24,1
198.62.76.0/24,1
198.96.224.0/20,1
198.99.117.0/24,1
198.102.222.0/24,1
198.148.212.0/24,1
198.151.16.0/20,1
198.151.64.0/18,1
198.151.152.0/22,1
198.160.205.0/24,1
198.169.201.0/24,1
198.177.175.0/24,1
198.177.176.0/22,1
198.177.180.0/24,1
198.177.214.0/24,1
198.178.64.0/19,1
198.179.22.0/24,1
198.181.96.0/20,1
198.183.32.0/19,1
198.184.193.0/24,1
198.184.208.0/24,1
198.186.25.0/24,1
198.187.64.0/18,1
198.187.192.0/24,1
198.190.173.0/24,1
198.199.212.0/24,1
198.200.0.0/21,1
198.200.8.0/23,1
198.202.237.0/24,1
198.204.0.0/21,1
198.206.140.0/24,1
198.212.132.0/24,1
199.5.152.0/23,1
199.5.229.0/24,1
199.26.137.0/24,1
199.26.207.0/24,1
199.26.251.0/24,1
199.33.222.0/24,1
199.34.128.0/18,1
199.34.228.76,1
199.46.32.0/19,1
199.58.179.10,1
199.59.242.153,1
199.60.102.0/24,1
199.71.192.0/20,1
199.84.55.0/24,1
199.84.56.0/22,1
199.84.60.0/24,1
199.84.64.0/19,1
199.89.16.0/20,1
199.89.198.0/24,1
199.120.163.0/24,1
199.165.32.0/19,1
199.166.200.0/22,1
199.184.82.0/24,1
199.185.192.0/20,1
199.196.192.0/19,1
199.198.160.0/20,1
199.198.176.0/21,1
199.198.184.0/23,1
199.198.188.0/22,1
199.200.64.0/19,1
199.212.96.0/20,1
199.223.0.0/20,1
199.230.64.0/19,1
199.230.96.0/21,1
199.233.85.0/24,1
199.233.96.0/24,1
199.241.64.0/19,1
199.244.56.0/21,1
199.245.138.0/24,1
199.246.137.0/24,1
199.246.213.0/24,1
199.246.215.0/24,1
199.249.64.0/19,1
199.253.32.0/20,1
199.253.48.0/21,1
199.253.224.0/20,1
199.254.32.0/20,1
200.0.60.0/23,1
200.22.0.0/16,1
200.71.124.0/22,1
200.189.44.0/22,1
200.234.128.0/18,1
201.148.168.0/22,1
201.169.0.0/16,1
202.0.152.0/24,1
202.0.192.0/18,1
202.1.16.0/20,1
202.3.136.0/24,1
202.12.122.0/23,1
202.12.124.0/24,1
202.14.187.0/24,1
202.14.203.0/24,1
202.20.32.0/19,1
202.20.67.0/24,1
202.20.110.0/24,1
202.21.64.0/19,1
202.27.96.0/21,1
202.27.114.0/24,1
202.27.120.0/22,1
202.27.130.0/23,1
202.27.161.0/24,1
202.27.162.0/23,1
202.27.164.0/22,1
202.27.168.0/24,1
202.27.205.0/24,1
202.27.206.0/23,1
202.27.229.0/24,1
202.27.230.0/23,1
202.36.28.0/24,1
202.36.74.0/24,1
202.36.87.0/24,1
202.36.116.0/23,1
202.36.122.0/23,1
202.36.160.0/23,1
202.37.40.0/23,1
202.37.46.0/23,1
202.37.52.0/23,1
202.37.133.0/24,1
202.37.152.0/24,1
202.37.166.0/24,1
202.37.199.0/24,1
202.37.235.0/24,1
202.39.112.0/20,1
202.40.32.0/19,1
202.40.64.0/18,1
202.47.89.0/24,1
202.47.160.0/19,1
202.49.33.0/24,1
202.49.114.0/24,1
202.49.248.0/24,1
202.50.48.0/24,1
202.50.76.0/23,1
202.50.242.0/24,1
202.56.56.0/24,1
202.61.80.0/22,1
202.61.108.0/24,1
202.68.0.0/18,1
202.77.138.0/23,1
202.83.0.0/22,1
202.86.0.0/22,1
202.124.241.178,1
202.134.56.0/23,1
202.137.252.0/22,1
202.146.184.0/23,1
202.148.32.0/20,1
202.148.176.0/20,1
202.158.248.0/22,1
202.181.97.76,1
202.183.0.0/19,1
202.189.80.0/20,1
202.254.234.152,1
203.0.113.0/24,1
203.1.91.0/24,1
203.2.151.0/24,1
203.2.200.0/22,1
203.3.88.0/22,1
203.5.199.0/24,1
203.8.223.0/24,1
203.9.0.0/19,1
203.9.195.0/24,1
203.9.196.0/22,1
203.9.208.0/24,1
203.9.210.0/23,1
203.9.212.0/22,1
203.9.216.0/23,1
203.9.219.0/24,1
203.11.91.0/24,1
203.12.86.0/24,1
203.12.252.0/22,1
203.13.231.0/24,1
203.14.18.0/24,1
203.15.16.0/22,1
203.16.11.0/24,1
203.17.137.0/24,1
203.17.177.0/24,1
203.17.189.0/24,1
203.18.39.0/24,1
203.18.104.0/24,1
203.18.111.0/24,1
203.18.156.0/22,1
203.19.5.0/24,1
203.19.240.0/24,1
203.20.42.0/24,1
203.20.73.0/24,1
203.22.108.0/23,1
203.22.167.0/24,1
203.23.1.0/24,1
203.23.52.0/24,1
203.23.70.0/24,1
203.23.74.0/24,1
203.23.77.0/24,1
203.23.188.0/23,1
203.24.38.0/24,1
203.24.179.0/24,1
203.24.188.0/24,1
203.25.66.0/24,1
203.25.136.0/24,1
203.25.161.0/24,1
203.26.47.0/24,1
203.26.218.0/24,1
203.26.240.0/23,1
203.27.34.0/24,1
203.28.53.0/24,1
203.28.57.0/24,1
203.28.134.0/23,1
203.28.252.0/23,1
203.29.200.0/22,1
203.30.221.0/24,1
203.31.88.0/23,1
203.31.169.0/24,1
203.31.210.0/24,1
203.32.86.0/23,1
203.32.188.0/24,1
203.34.70.0/23,1
203.34.82.0/24,1
203.34.125.0/24,1
203.34.238.0/24,1
203.34.241.0/24,1
203.55.68.0/24,1
203.57.85.0/24,1
203.86.252.0/22,1
203.88.111.122,1
203.99.144.0/21,1
203.100.57.0/24,1
203.111.252.0/22,1
203.114.236.0/22,1
203.145.32.0/19,1
203.156.192.80,1
203.156.197.0/24,1
203.160.130.0/23,1
203.169.0.0/22,1
203.169.52.0/22,1
203.175.96.0/20,1
203.175.124.0/22,1
203.191.64.0/18,1
203.191.134.0/23,1
203.195.0.0/18,1
203.223.88.0/23,1
204.2.189.0/24,1
204.14.80.0/22,1
204.19.38.0/23,1
204.44.32.0/20,1
204.44.224.0/20,1
204.52.96.0/19,1
204.52.255.0/24,1
204.57.16.0/20,1
204.75.147.0/24,1
204.75.228.0/24,1
204.80.198.0/24,1
204.86.16.0/20,1
204.87.199.0/24,1
204.89.224.0/24,1
204.106.128.0/18,1
204.106.192.0/19,1
204.107.208.0/24,1
204.126.244.0/23,1
204.128.151.0/24,1
204.128.180.0/24,1
204.130.16.0/20,1
204.130.167.0/24,1
204.141.204.0/24,1
204.147.64.0/21,1
204.194.64.0/21,1
204.225.159.0/24,1
204.225.210.0/24,1
204.232.0.0/18,1
204.238.137.0/24,1
204.238.170.0/24,1
204.238.183.0/24,1
205.137.0.0/20,1
205.142.104.0/22,1
205.144.0.0/20,1
205.144.171.124,1
205.144.176.0/20,1
205.148.128.0/17,1
205.151.128.0/19,1
205.159.45.0/24,1
205.159.174.0/24,1
205.159.180.0/24,1
205.166.77.0/24,1
205.166.84.0/24,1
205.166.130.0/24,1
205.166.168.0/24,1
205.166.211.0/24,1
205.172.244.0/22,1
205.175.160.0/19,1
205.189.71.0/24,1
205.189.72.0/23,1
205.203.0.0/19,1
205.203.224.0/19,1
205.207.134.0/24,1
205.210.107.0/24,1
205.210.139.0/24,1
205.210.171.0/24,1
205.210.172.0/22,1
205.214.96.0/19,1
205.214.128.0/19,1
205.233.224.0/20,1
205.236.185.0/24,1
205.236.189.0/24,1
205.237.88.0/21,1
206.41.160.0/19,1
206.51.29.0/24,1
206.124.104.0/21,1
206.130.188.0/24,1
206.143.128.0/17,1
206.189.61.126,1
206.195.224.0/19,1
206.197.28.0/23,1
206.197.77.0/24,1
206.197.165.0/24,1
206.209.80.0/20,1
206.223.17.0/24,1
206.224.160.0/19,1
206.226.0.0/18,1
206.227.64.0/18,1
207.10.232.16,1
207.10.232.21,1
207.22.192.0/18,1
207.45.224.0/20,1
207.90.0.0/18,1
207.110.64.0/18,1
207.110.128.0/18,1
207.183.192.0/19,1
208.12.64.0/19,1
208.73.208.0/22,1
208.90.32.0/21,1
208.91.197.26/31,1
208.91.197.66,1
208.91.197.91,1
208.93.4.0/22,1
208.109.80.14,1
209.66.128.0/19,1
209.95.192.0/19,1
209.99.40.222/31,1
209.99.64.33,1
209.99.128.0/18,1
209.140.30.61,1
209.145.0.0/19,1
209.160.65.66,1
209.161.96.0/20,1
209.182.64.0/19,1
209.242.192.0/19,1
210.56.144.0/21,1
210.57.128.0/18,1
210.57.192.0/20,1
210.79.128.0/18,1
210.87.64.0/18,1
210.172.183.32,1
211.43.203.53,1
212.12.54.87,1
212.18.96.0/19,1
212.23.192.0/19,1
212.57.32.149,1
212.85.106.71,1
212.95.144.0/22,1
212.162.152.0/22,1
213.109.144.0/20,1
213.109.192.0/20,1
213.130.88.0/22,1
213.173.36.0/22,1
213.176.20.0/22,1
213.176.50.208,1
213.186.33.5,1
213.186.33.19,1
213.186.33.87,1
213.247.0.0/19,1
213.247.47.190,1
216.40.47.17,1
216.179.128.0/17,1
217.8.116.0/22,1
217.20.116.129,1
217.20.116.130/31,1
217.20.116.132/30,1
217.20.116.136/29,1
217.20.116.145,1
217.20.116.146/31,1
217.20.116.148/30,1
217.20.116.152/31,1
217.26.53.16,1
217.26.63.20,1
217.70.184.38,1
217.74.71.168,1
217.114.32.0/20,1
217.116.16.235,1
217.119.128.0/20,1
217.160.0.27,1
217.160.0.59,1
217.160.0.169,1
217.160.0.225,1
217.160.0.231,1
217.160.0.239,1
217.160.122.61,1
217.160.223.127,1
217.160.233.84,1
219.94.129.157,1
219.235.5.224,1
220.154.0.0/16,1
220.158.225.187,1
221.132.192.0/18,1
223.0.0.0/15,1
223.130.8.0/22,1
223.169.0.0/16,1
223.173.0.0/16,1
223.254.0.0/16,1
224.0.0.0/3,1
